event_id,azimuth,zenith
2092,3.1199784,1.3161882
7344,2.641842,1.0965645
9482,2.719552,1.1281574
